{
    "accuracy": 0.8321678321678322,
    "f1_score": 0.8287097517866748,
    "precision": 0.8341361652531865,
    "recall": 0.8321678321678321,
    "auc_roc": 0.8916768665850672,
    "auc_pr": 0.8750242464449308
}