{"accuracy": 0.8263888888888888, "f1_score": 0.8175734024179622}