{
    "accuracy": 0.8417508417508418,
    "f1_score": 0.7813953488372093
}