{"accuracy": 0.8611111111111112, "f1_score": 0.8589225240168636}