{
    "accuracy": 0.7887323943661971,
    "f1_score": 0.7847014245745835
}