{
    "accuracy": 0.8417508417508418,
    "f1_score": 0.83980533466538
}