{
    "accuracy": 0.8275862068965517,
    "f1_score": 0.8257871064467766
}